id,category
271828,1
271829,0
271830,1
271831,2
271832,2
271833,0
271834,2
271835,1
271836,2
271837,2
271838,1
271839,1
271840,2
271841,0
271842,0
271843,0
271844,2
271845,0
271846,1
271847,1
271848,1
271849,2
271850,0
271851,0
271852,2
271853,1
271854,0
271855,0
271856,1
271857,1
271858,2
271859,1
271860,0
271861,2
271862,1
271863,0
271864,0
271865,2
271866,1
271867,2
271868,1
271869,1
271870,0
271871,0
271872,0
271873,2
271874,1
271875,0
271876,1
271877,2
271878,0
271879,0
271880,1
271881,1
271882,2
271883,1
271884,2
271885,2
271886,2
271887,0
271888,0
271889,0
271890,2
271891,2
271892,0
271893,0
271894,0
271895,0
271896,2
271897,1
271898,0
271899,2
271900,0
271901,1
271902,1
271903,2
271904,0
271905,1
271906,0
271907,0
271908,1
271909,0
271910,0
271911,0
271912,2
271913,2
271914,0
271915,0
271916,2
271917,1
271918,2
271919,1
271920,2
271921,2
271922,2
271923,2
271924,0
271925,1
271926,0
271927,0
271928,0
271929,0
271930,0
271931,1
271932,2
271933,1
271934,1
271935,1
271936,0
271937,0
271938,1
271939,0
271940,0
271941,2
271942,1
271943,1
271944,0
271945,1
271946,2
271947,2
271948,0
271949,0
271950,0
271951,1
271952,0
271953,2
271954,1
271955,0
271956,1
271957,2
271958,0
271959,0
271960,0
271961,1
271962,0
271963,0
271964,2
271965,2
271966,1
271967,2
271968,0
271969,1
271970,2
271971,0
271972,2
271973,2
271974,2
271975,2
271976,1
271977,0
271978,0
271979,1
271980,2
271981,2
271982,2
271983,0
271984,0
271985,0
271986,0
271987,2
271988,2
271989,0
271990,2
271991,2
271992,0
271993,2
271994,1
271995,1
271996,1
271997,1
271998,0
271999,1
272000,0
272001,0
272002,0
272003,0
272004,2
272005,0
272006,2
272007,1
272008,2
272009,2
272010,0
272011,0
272012,0
272013,0
272014,1
272015,1
272016,2
272017,1
272018,0
272019,2
272020,0
272021,2
272022,0
272023,2
272024,0
272025,2
272026,2
272027,0
272028,2
272029,1
272030,2
272031,0
272032,2
272033,2
272034,1
272035,1
272036,1
272037,2
272038,0
272039,0
272040,0
272041,1
272042,0
272043,2
272044,1
272045,1
272046,2
272047,0
272048,0
272049,0
272050,1
272051,2
272052,2
272053,0
272054,0
272055,0
272056,1
272057,1
272058,2
272059,0
272060,0
272061,0
272062,1
272063,2
272064,0
272065,1
272066,1
272067,2
272068,1
272069,1
272070,1
272071,0
272072,1
272073,0
272074,2
272075,2
272076,2
272077,0
272078,1
272079,0
272080,0
272081,0
272082,0
272083,0
272084,1
272085,2
272086,1
272087,2
272088,2
272089,2
272090,1
272091,2
272092,0
272093,1
272094,0
272095,1
272096,2
272097,2
272098,2
272099,1
272100,0
272101,0
272102,0
272103,2
272104,1
272105,1
272106,2
272107,0
272108,2
272109,2
272110,1
272111,2
272112,0
272113,0
272114,0
272115,0
272116,1
272117,1
272118,2
272119,2
272120,2
272121,0
272122,2
272123,1
272124,0
272125,0
272126,0
272127,1
272128,1
272129,1
272130,0
272131,0
272132,2
272133,0
272134,1
272135,0
272136,1
272137,0
272138,0
272139,0
272140,2
272141,0
272142,2
272143,0
272144,1
272145,2
272146,1
272147,1
272148,2
272149,1
272150,0
272151,1
272152,1
272153,2
272154,2
272155,1
272156,1
272157,1
272158,2
272159,0
272160,0
272161,1
272162,1
272163,0
272164,0
272165,1
272166,0
272167,2
272168,1
272169,0
272170,2
272171,2
272172,0
272173,2
272174,1
272175,2
272176,2
272177,2
272178,2
272179,1
272180,0
272181,1
272182,2
272183,0
272184,2
272185,1
272186,1
272187,1
272188,2
272189,1
272190,0
272191,0
272192,1
272193,2
272194,0
272195,0
272196,0
272197,2
272198,2
272199,1
272200,0
272201,1
272202,0
272203,0
272204,0
272205,0
272206,1
272207,2
272208,1
272209,1
272210,0
272211,2
272212,0
272213,1
272214,0
272215,2
272216,2
272217,2
272218,0
272219,2
272220,0
272221,1
272222,0
272223,1
272224,0
272225,0
272226,2
272227,1
272228,0
272229,2
272230,1
272231,1
272232,1
272233,2
272234,0
272235,0
272236,0
272237,1
272238,2
272239,1
272240,0
272241,0
272242,1
272243,2
272244,0
272245,1
272246,2
272247,1
272248,0
272249,1
272250,2
272251,2
272252,2
272253,2
272254,1
272255,0
272256,1
272257,0
272258,0
272259,2
272260,0
272261,1
272262,1
272263,2
272264,0
272265,2
272266,1
272267,2
272268,1
272269,0
272270,0
272271,0
272272,0
272273,2
272274,0
272275,2
272276,0
272277,1
272278,2
272279,2
272280,1
272281,0
272282,2
272283,0
272284,2
272285,1
272286,1
272287,1
272288,0
272289,0
272290,1
272291,1
272292,1
272293,2
272294,2
272295,1
272296,1
272297,0
272298,0
272299,0
272300,2
272301,0
272302,0
272303,2
272304,2
272305,0
272306,1
272307,0
272308,1
272309,0
272310,0
272311,1
272312,2
272313,1
272314,1
272315,1
272316,0
272317,0
272318,2
272319,0
272320,1
272321,1
272322,0
272323,2
272324,1
272325,0
272326,2
272327,2
272328,0
272329,0
272330,2
272331,0
272332,2
272333,2
272334,2
272335,0
272336,1
272337,2
272338,0
272339,1
272340,0
272341,2
272342,1
272343,0
272344,0
272345,1
272346,1
272347,2
272348,0
272349,0
272350,2
272351,0
272352,2
272353,1
272354,1
272355,0
272356,1
272357,0
272358,1
272359,0
272360,2
272361,0
272362,2
272363,1
272364,0
272365,2
272366,2
272367,0
272368,2
272369,2
272370,2
272371,1
272372,1
272373,0
272374,1
272375,2
272376,0
272377,0
272378,0
272379,1
272380,0
272381,2
272382,1
272383,1
272384,1
272385,1
272386,0
272387,2
272388,2
272389,0
272390,0
272391,0
272392,0
272393,1
272394,1
272395,1
272396,1
272397,2
272398,0
272399,2
272400,1
272401,0
272402,2
272403,2
272404,0
272405,2
272406,1
272407,2
272408,0
272409,0
272410,2
272411,0
272412,0
272413,2
272414,0
272415,2
272416,1
272417,0
272418,2
272419,0
272420,0
272421,1
272422,2
272423,0
272424,1
272425,2
272426,1
272427,1
272428,1
272429,2
272430,1
272431,1
272432,2
272433,1
272434,0
272435,1
272436,1
272437,1
272438,0
272439,0
272440,0
272441,0
272442,0
272443,1
272444,1
272445,0
272446,0
272447,2
272448,2
272449,1
272450,1
272451,2
272452,0
272453,2
272454,0
272455,1
272456,2
272457,1
272458,2
272459,1
272460,2
272461,0
272462,0
272463,2
272464,1
272465,1
272466,2
272467,1
272468,2
272469,1
272470,2
272471,1
272472,2
272473,0
272474,0
272475,1
272476,1
272477,2
272478,1
272479,1
272480,1
272481,2
272482,0
272483,1
272484,2
272485,2
272486,0
272487,0
272488,1
272489,2
272490,0
272491,1
272492,2
272493,2
272494,1
272495,0
272496,0
272497,1
272498,1
272499,0
272500,0
272501,2
272502,0
272503,2
272504,1
272505,2
272506,0
272507,1
272508,1
272509,0
272510,2
272511,2
272512,1
272513,1
272514,0
272515,0
272516,1
272517,0
272518,0
272519,2
272520,2
272521,0
272522,0
272523,2
272524,2
272525,1
272526,0
272527,1
272528,1
272529,2
272530,0
272531,1
272532,0
272533,0
272534,2
272535,1
272536,0
272537,1
272538,2
272539,1
272540,0
272541,0
272542,1
272543,0
272544,0
272545,2
272546,2
272547,1
272548,0
272549,1
272550,0
272551,1
272552,0
272553,0
272554,0
272555,2
272556,0
272557,0
272558,1
272559,2
272560,1
272561,2
272562,0
272563,2
272564,1
272565,2
272566,0
272567,0
272568,1
272569,2
272570,2
272571,0
272572,2
272573,1
272574,0
272575,2
272576,2
272577,1
272578,1
272579,0
272580,2
272581,0
272582,2
272583,1
272584,0
272585,1
272586,1
272587,2
272588,0
272589,0
272590,1
272591,0
272592,1
272593,0
272594,0
272595,2
272596,0
272597,1
272598,2
272599,2
272600,2
272601,0
272602,1
272603,0
272604,0
272605,1
272606,2
272607,0
272608,2
272609,0
272610,2
272611,1
272612,2
272613,2
272614,0
272615,1
272616,0
272617,1
272618,1
272619,2
272620,1
272621,0
272622,1
272623,2
272624,0
272625,2
272626,1
272627,1
272628,2
272629,1
272630,1
272631,1
272632,1
272633,0
272634,0
272635,1
272636,2
272637,1
272638,1
272639,1
272640,1
272641,0
272642,1
272643,2
272644,0
272645,2
272646,2
272647,0
272648,2
272649,0
272650,0
272651,0
272652,0
272653,2
272654,1
272655,0
272656,1
272657,0
272658,2
272659,2
272660,1
272661,1
272662,0
272663,2
272664,2
272665,1
272666,0
272667,1
272668,1
272669,2
272670,2
272671,0
272672,2
272673,0
272674,2
272675,1
272676,0
272677,0
272678,1
272679,0
272680,1
272681,2
272682,2
272683,0
272684,0
272685,0
272686,2
272687,0
272688,1
272689,0
272690,2
272691,2
272692,0
272693,2
272694,2
272695,0
272696,1
272697,0
272698,0
272699,1
272700,2
272701,2
272702,1
272703,2
272704,0
272705,1
272706,0
272707,1
272708,2
272709,1
272710,2
272711,1
272712,1
272713,2
272714,0
272715,0
272716,2
272717,1
272718,0
272719,2
272720,0
272721,1
272722,1
272723,0
272724,1
272725,0
272726,0
272727,1
272728,2
272729,1
272730,1
272731,0
272732,2
272733,2
272734,2
272735,2
272736,1
272737,0
272738,2
272739,2
272740,0
272741,2
272742,1
272743,1
272744,0
272745,0
272746,2
272747,2
272748,2
272749,0
272750,2
272751,1
272752,2
272753,2
272754,2
272755,1
272756,0
272757,0
272758,0
272759,1
272760,1
272761,0
272762,2
272763,2
272764,2
272765,1
272766,2
272767,0
272768,1
272769,0
272770,2
272771,1
272772,0
272773,0
272774,0
272775,0
272776,1
272777,2
272778,2
272779,2
272780,0
272781,1
272782,0
272783,0
272784,2
272785,2
272786,0
272787,2
272788,1
272789,2
272790,2
272791,1
272792,1
272793,0
272794,1
272795,0
272796,0
272797,1
272798,2
272799,2
272800,0
272801,0
272802,0
272803,1
272804,2
272805,0
272806,0
272807,2
272808,0
272809,0
272810,2
272811,0
272812,2
272813,0
272814,1
272815,0
272816,0
272817,0
272818,1
272819,0
272820,2
272821,1
272822,1
272823,0
272824,1
272825,2
272826,1
272827,0
272828,1
272829,0
272830,2
272831,1
272832,1
272833,1
272834,0
272835,1
272836,2
272837,1
272838,1
272839,0
272840,1
272841,0
272842,0
272843,0
272844,2
272845,1
272846,2
272847,0
272848,2
272849,1
272850,1
272851,1
272852,2
272853,2
272854,0
272855,0
272856,1
272857,1
272858,0
272859,2
272860,2
272861,0
272862,2
272863,2
272864,2
272865,0
272866,2
272867,0
272868,0
272869,0
272870,0
272871,0
272872,1
272873,0
272874,1
272875,2
272876,1
272877,0
272878,2
272879,2
272880,2
272881,0
272882,2
272883,0
272884,1
272885,1
272886,0
272887,0
272888,1
272889,0
272890,0
272891,1
272892,0
272893,0
272894,0
272895,0
272896,1
272897,2
272898,2
272899,0
272900,2
272901,1
272902,1
272903,0
272904,2
272905,0
272906,0
272907,1
272908,1
272909,2
272910,0
272911,1
272912,0
272913,0
272914,0
272915,0
272916,0
272917,2
272918,0
272919,1
272920,1
272921,0
272922,2
272923,2
272924,1
272925,0
272926,2
272927,0
272928,0
272929,0
272930,1
272931,1
272932,0
272933,0
272934,2
272935,2
272936,0
272937,0
272938,1
272939,2
272940,2
272941,0
272942,1
272943,2
272944,2
272945,0
272946,2
272947,1
272948,1
272949,0
272950,0
272951,0
272952,1
272953,2
272954,0
272955,2
272956,2
272957,1
272958,1
272959,1
272960,0
272961,2
272962,2
272963,1
272964,0
272965,0
272966,2
272967,1
272968,2
272969,0
272970,0
272971,2
272972,0
272973,1
272974,1
272975,0
272976,0
272977,0
272978,2
272979,1
272980,2
272981,0
272982,1
272983,2
272984,0
272985,0
272986,2
272987,1
272988,0
272989,1
272990,1
272991,0
272992,0
272993,0
272994,2
272995,0
272996,0
272997,0
272998,1
272999,1
273000,2
273001,1
273002,2
273003,2
273004,0
273005,0
273006,0
273007,2
273008,0
273009,2
273010,1
273011,2
273012,2
273013,0
273014,0
273015,1
273016,2
273017,1
273018,2
273019,2
273020,2
273021,0
273022,0
273023,1
273024,0
273025,0
273026,1
273027,1
273028,0
273029,1
273030,0
273031,0
273032,0
273033,0
273034,0
273035,0
273036,0
273037,1
273038,2
273039,0
273040,0
273041,2
273042,0
273043,0
273044,2
273045,0
273046,2
273047,2
273048,1
273049,1
273050,1
273051,0
273052,0
273053,0
273054,0
273055,0
273056,1
273057,2
273058,1
273059,2
273060,1
273061,2
273062,0
273063,1
273064,0
273065,1
273066,0
273067,0
273068,1
273069,0
273070,0
273071,2
273072,0
273073,1
273074,2
273075,0
273076,0
273077,0
273078,2
273079,0
273080,2
273081,2
273082,2
273083,2
273084,0
273085,2
273086,2
273087,2
273088,0
273089,2
273090,2
273091,0
273092,2
273093,1
273094,2
273095,2
273096,1
273097,2
273098,2
273099,2
273100,0
273101,0
273102,2
273103,0
273104,1
273105,2
273106,1
273107,1
273108,2
273109,0
273110,2
273111,0
273112,0
273113,0
273114,0
273115,1
273116,0
273117,0
273118,0
273119,2
273120,1
273121,2
273122,2
273123,1
273124,2
273125,0
273126,2
273127,0
273128,2
273129,1
273130,2
273131,2
273132,2
273133,1
273134,0
273135,1
273136,0
273137,1
273138,0
273139,0
273140,1
273141,0
273142,2
273143,0
273144,2
273145,2
273146,2
273147,1
273148,2
273149,0
273150,0
273151,2
273152,1
273153,0
273154,2
273155,2
273156,2
273157,1
273158,0
273159,0
273160,1
273161,0
273162,0
273163,0
273164,2
273165,0
273166,1
273167,2
273168,1
273169,1
273170,2
273171,0
273172,2
273173,2
273174,1
273175,0
273176,2
273177,0
273178,0
273179,0
273180,1
273181,1
273182,0
273183,2
273184,1
273185,2
273186,1
273187,0
273188,0
273189,0
273190,2
273191,2
273192,1
273193,1
273194,1
273195,0
273196,1
273197,1
273198,1
273199,2
273200,0
273201,1
273202,1
273203,2
273204,1
273205,1
273206,1
273207,1
273208,1
273209,1
273210,0
273211,2
273212,0
273213,1
273214,1
273215,0
273216,1
273217,0
273218,1
273219,0
273220,0
273221,0
273222,0
273223,1
273224,0
273225,0
273226,1
273227,1
273228,1
273229,1
273230,0
273231,1
273232,2
273233,0
273234,1
273235,0
273236,1
273237,0
273238,1
273239,2
273240,2
273241,1
273242,1
273243,2
273244,0
273245,0
273246,2
273247,0
273248,2
273249,2
273250,1
273251,1
273252,0
273253,0
273254,1
273255,0
273256,2
273257,0
273258,1
273259,2
273260,2
273261,2
273262,0
273263,1
273264,0
273265,2
273266,0
273267,1
273268,0
273269,1
273270,0
273271,0
273272,2
273273,0
273274,1
273275,0
273276,2
273277,2
273278,2
273279,0
273280,0
273281,0
273282,1
273283,1
273284,0
273285,0
273286,0
273287,0
273288,1
273289,2
273290,1
273291,1
273292,0
273293,2
273294,1
273295,0
273296,2
273297,2
273298,1
273299,2
273300,0
273301,1
273302,1
273303,1
273304,0
273305,0
273306,1
273307,2
273308,0
273309,2
273310,0
273311,2
273312,2
273313,2
273314,1
273315,0
273316,0
273317,1
273318,1
273319,0
273320,1
273321,0
273322,1
273323,0
273324,1
273325,1
273326,0
273327,2
273328,0
273329,1
273330,0
273331,1
273332,1
273333,1
273334,1
273335,0
273336,0
273337,1
273338,0
273339,0
273340,0
273341,2
273342,2
273343,0
273344,0
273345,2
273346,0
273347,2
273348,1
273349,1
273350,0
273351,0
273352,1
273353,0
273354,1
273355,0
273356,2
273357,2
273358,1
273359,2
273360,1
273361,1
273362,0
273363,2
273364,0
273365,1
273366,0
273367,1
273368,0
273369,0
273370,1
273371,0
273372,1
273373,0
273374,2
273375,1
273376,2
273377,0
273378,1
273379,1
273380,1
273381,2
273382,0
273383,1
273384,2
273385,2
273386,2
273387,1
273388,1
273389,0
273390,1
273391,0
273392,0
273393,0
273394,1
273395,2
273396,2
273397,0
273398,0
273399,0
273400,2
273401,0
273402,2
273403,0
273404,2
273405,0
273406,1
273407,1
273408,0
273409,2
273410,0
273411,2
273412,2
273413,2
273414,2
273415,1
273416,2
273417,2
273418,0
273419,0
273420,1
273421,1
273422,2
273423,1
273424,1
273425,0
273426,0
273427,1
273428,1
273429,1
273430,2
273431,2
273432,0
273433,1
273434,0
273435,0
273436,1
273437,0
273438,1
273439,0
273440,2
273441,0
273442,1
273443,0
273444,1
273445,0
273446,1
273447,2
273448,2
273449,0
273450,0
273451,0
273452,1
273453,2
273454,2
273455,1
273456,0
273457,0
273458,2
273459,1
273460,2
273461,1
273462,0
273463,1
273464,1
273465,2
273466,0
273467,1
273468,1
273469,2
273470,0
273471,0
273472,1
273473,1
273474,0
273475,2
273476,1
273477,1
273478,2
273479,1
273480,0
273481,0
273482,2
273483,1
273484,0
273485,0
273486,1
273487,2
273488,1
273489,2
273490,0
273491,0
273492,0
273493,2
273494,2
273495,0
273496,2
273497,1
273498,0
273499,0
273500,2
273501,1
273502,1
273503,1
273504,2
273505,1
273506,1
273507,0
273508,2
273509,1
273510,0
273511,1
273512,1
273513,0
273514,0
273515,0
273516,0
273517,1
273518,1
273519,1
273520,1
273521,0
273522,1
273523,2
273524,2
273525,2
273526,2
273527,0
273528,1
273529,1
273530,0
273531,2
273532,2
273533,0
273534,1
273535,0
273536,0
273537,1
273538,0
273539,2
273540,1
273541,2
273542,0
273543,0
273544,1
273545,2
273546,2
273547,2
273548,0
273549,2
273550,1
273551,1
273552,2
273553,0
273554,1
273555,1
273556,2
273557,0
273558,0
273559,2
273560,2
273561,1
273562,0
273563,2
273564,0
273565,0
273566,2
273567,2
273568,2
273569,2
273570,0
273571,2
273572,0
273573,0
273574,0
273575,1
273576,1
273577,2
273578,0
273579,0
273580,1
273581,1
273582,2
273583,2
273584,1
273585,0
273586,0
273587,1
273588,0
273589,2
273590,1
273591,2
273592,1
273593,2
273594,2
273595,0
273596,1
273597,2
273598,2
273599,1
273600,0
273601,0
273602,2
273603,0
273604,2
273605,1
273606,1
273607,1
273608,1
273609,2
273610,2
273611,2
273612,1
273613,2
273614,2
273615,0
273616,1
273617,1
273618,2
273619,2
273620,2
273621,2
273622,2
273623,2
273624,1
273625,2
273626,2
273627,2
273628,0
273629,1
273630,2
273631,0
273632,1
273633,2
273634,0
273635,0
273636,2
273637,1
273638,2
273639,0
273640,2
273641,2
273642,0
273643,2
273644,0
273645,2
273646,2
273647,2
273648,1
273649,0
273650,0
273651,2
273652,1
273653,2
273654,0
273655,2
273656,2
273657,0
273658,0
273659,1
273660,2
273661,2
273662,0
273663,2
273664,0
273665,2
273666,1
273667,1
273668,2
273669,2
273670,2
273671,0
273672,1
273673,1
273674,1
273675,2
273676,1
273677,1
273678,2
273679,2
273680,2
273681,0
273682,2
273683,0
273684,2
273685,1
273686,1
273687,1
273688,1
273689,2
273690,0
273691,2
273692,1
273693,2
273694,1
273695,1
273696,2
273697,2
273698,2
273699,2
273700,2
273701,0
273702,0
273703,1
273704,1
273705,0
273706,1
273707,0
273708,2
273709,0
273710,0
273711,0
273712,2
273713,0
273714,1
273715,0
273716,2
273717,0
273718,0
273719,0
273720,1
273721,0
273722,2
273723,2
273724,2
273725,0
273726,2
273727,1
273728,1
273729,2
273730,2
273731,0
273732,2
273733,1
273734,0
273735,0
273736,0
273737,2
273738,0
273739,1
273740,1
273741,2
273742,1
273743,2
273744,0
273745,1
273746,0
273747,0
273748,2
273749,0
273750,2
273751,0
273752,0
273753,2
273754,0
273755,0
273756,0
273757,1
273758,1
273759,1
273760,0
273761,2
273762,0
273763,1
273764,0
273765,0
273766,0
273767,2
273768,1
273769,2
273770,2
273771,0
273772,1
273773,1
273774,1
273775,0
273776,1
273777,1
273778,0
273779,1
273780,1
273781,0
273782,2
273783,2
273784,0
273785,0
273786,1
273787,1
273788,2
273789,0
273790,2
273791,1
273792,0
273793,2
273794,0
273795,1
273796,0
273797,0
273798,0
273799,0
273800,0
273801,1
273802,0
273803,0
273804,1
273805,1
273806,0
273807,2
273808,0
273809,1
273810,1
273811,0
273812,0
273813,2
273814,2
273815,0
273816,1
273817,1
273818,2
273819,2
273820,0
273821,0
273822,2
273823,1
273824,1
273825,0
273826,2
273827,2
273828,1
273829,0
273830,1
273831,0
273832,2
273833,1
273834,0
273835,2
273836,2
273837,0
273838,0
273839,2
273840,2
273841,2
273842,0
273843,1
273844,1
273845,0
273846,2
273847,2
273848,2
273849,0
273850,2
273851,2
273852,1
273853,1
273854,2
273855,0
273856,2
273857,0
273858,1
273859,2
273860,1
273861,2
273862,0
273863,2
273864,0
273865,2
273866,2
273867,1
273868,1
273869,0
273870,2
273871,2
273872,2
273873,2
273874,2
273875,2
273876,2
273877,0
273878,1
273879,2
273880,2
273881,2
273882,1
273883,0
273884,2
273885,2
273886,2
273887,1
273888,1
273889,0
273890,1
273891,2
273892,2
273893,2
273894,0
273895,2
273896,1
273897,0
273898,0
273899,2
273900,0
273901,0
273902,0
273903,0
273904,1
273905,1
273906,2
273907,1
273908,1
273909,0
273910,2
273911,0
273912,0
273913,2
273914,1
273915,0
273916,1
273917,1
273918,0
273919,1
273920,1
273921,0
273922,1
273923,0
273924,0
273925,0
273926,0
273927,1
273928,1
273929,1
273930,2
273931,1
273932,0
273933,1
273934,0
273935,0
273936,0
273937,2
273938,1
273939,2
273940,0
273941,0
273942,0
273943,2
273944,0
273945,2
273946,2
273947,0
273948,1
273949,2
273950,1
273951,2
273952,2
273953,0
273954,1
273955,0
273956,0
273957,0
273958,0
273959,1
273960,1
273961,0
273962,2
273963,1
273964,2
273965,0
273966,1
273967,2
273968,0
273969,1
273970,1
273971,1
273972,1
273973,0
273974,0
273975,1
273976,0
273977,0
273978,1
273979,2
273980,2
273981,0
273982,2
273983,0
273984,2
273985,1
273986,2
273987,2
273988,1
273989,1
273990,1
273991,2
273992,2
273993,1
273994,1
273995,2
273996,0
273997,2
273998,1
273999,1
274000,0
274001,1
274002,1
274003,0
274004,0
274005,1
274006,0
274007,1
274008,0
274009,2
274010,1
274011,0
274012,1
274013,1
274014,0
274015,0
274016,2
274017,1
274018,0
274019,0
274020,0
274021,1
274022,2
274023,2
274024,0
274025,0
274026,1
274027,1
274028,1
274029,2
274030,2
274031,2
274032,0
274033,1
274034,0
274035,2
274036,2
274037,2
274038,0
274039,2
274040,2
274041,2
274042,2
274043,2
274044,2
274045,0
274046,0
274047,2
274048,0
274049,0
274050,1
274051,2
274052,1
274053,2
274054,1
274055,1
274056,0
274057,0
274058,1
274059,0
274060,2
274061,0
274062,1
274063,2
274064,0
274065,2
274066,2
274067,1
274068,0
274069,0
274070,2
274071,0
274072,1
274073,2
274074,1
274075,0
274076,0
274077,0
274078,0
274079,1
274080,0
274081,1
274082,2
274083,0
274084,2
274085,0
274086,1
274087,1
274088,2
274089,0
274090,1
274091,0
274092,0
274093,2
274094,0
274095,1
274096,1
274097,2
274098,1
274099,1
274100,1
274101,0
274102,2
274103,1
274104,2
274105,0
274106,1
274107,2
274108,0
274109,2
274110,0
274111,2
274112,2
274113,1
274114,0
274115,0
274116,0
274117,1
274118,0
274119,1
274120,2
274121,1
274122,0
274123,0
274124,1
274125,0
274126,1
274127,0
274128,0
274129,2
274130,1
274131,0
274132,0
274133,1
274134,1
274135,2
274136,2
274137,1
274138,0
274139,1
274140,1
274141,0
274142,1
274143,1
274144,2
274145,1
274146,1
274147,2
274148,1
274149,2
274150,0
274151,2
274152,0
274153,2
274154,1
274155,0
274156,2
274157,0
274158,2
274159,2
274160,0
274161,1
274162,0
274163,1
274164,0
274165,0
274166,2
274167,1
274168,0
274169,2
274170,0
274171,1
274172,1
274173,0
274174,0
274175,2
274176,1
274177,1
274178,2
274179,2
274180,2
274181,1
274182,0
274183,0
274184,2
274185,2
274186,0
274187,2
274188,2
274189,1
274190,2
274191,1
274192,0
274193,0
274194,1
274195,2
274196,0
274197,2
274198,1
274199,0
274200,0
274201,0
274202,2
274203,0
274204,2
274205,1
274206,2
274207,1
274208,2
274209,0
274210,2
274211,1
274212,1
274213,0
274214,0
274215,2
274216,2
274217,1
274218,2
274219,0
274220,0
274221,0
274222,2
274223,2
274224,0
274225,2
274226,0
274227,1
274228,0
274229,0
274230,0
274231,1
274232,0
274233,2
274234,1
274235,0
274236,0
274237,1
274238,0
274239,0
274240,2
274241,0
274242,1
274243,0
274244,1
274245,2
274246,2
274247,0
274248,1
274249,1
274250,0
274251,1
274252,0
274253,2
274254,2
274255,1
274256,2
274257,2
274258,1
274259,0
274260,2
274261,0
274262,1
274263,0
274264,0
274265,2
274266,0
274267,0
274268,0
274269,0
274270,2
274271,0
274272,2
274273,1
274274,2
274275,2
274276,2
274277,1
274278,1
274279,2
274280,1
274281,2
274282,2
274283,2
274284,1
274285,2
274286,2
274287,1
274288,0
274289,1
274290,0
274291,2
274292,1
274293,0
274294,1
274295,2
274296,0
274297,0
274298,1
274299,2
274300,1
274301,1
274302,0
274303,2
274304,0
274305,2
274306,2
274307,1
274308,0
274309,1
274310,2
274311,1
274312,0
274313,0
274314,1
274315,0
274316,1
274317,0
274318,0
274319,1
274320,1
274321,1
274322,0
274323,0
274324,0
274325,2
274326,2
274327,0
274328,1
274329,2
274330,1
274331,2
274332,2
274333,2
274334,2
274335,2
274336,1
274337,0
274338,1
274339,1
274340,2
274341,1
274342,0
274343,1
274344,2
274345,2
274346,1
274347,1
274348,2
274349,1
274350,0
274351,0
274352,0
274353,0
274354,0
274355,0
274356,2
274357,0
274358,0
274359,2
274360,1
274361,1
274362,0
274363,1
274364,0
274365,0
274366,0
274367,1
274368,2
274369,2
274370,0
274371,0
274372,2
274373,0
274374,1
274375,0
274376,1
274377,1
274378,1
274379,0
274380,1
274381,0
274382,1
274383,2
274384,1
274385,2
274386,1
274387,2
274388,1
274389,1
274390,1
274391,1
274392,1
274393,2
274394,1
274395,0
274396,1
274397,0
274398,1
274399,0
274400,1
274401,1
274402,1
274403,1
274404,0
274405,0
274406,1
274407,1
274408,2
274409,2
274410,2
274411,2
274412,2
274413,0
274414,1
274415,2
274416,0
274417,2
274418,0
274419,2
274420,2
274421,1
274422,1
274423,2
274424,0
274425,1
274426,2
274427,2
274428,2
274429,0
274430,1
274431,2
274432,1
274433,0
274434,1
274435,0
274436,1
274437,2
274438,0
274439,2
274440,0
274441,0
274442,2
274443,0
274444,2
274445,1
274446,1
274447,2
274448,1
274449,0
274450,0
274451,1
274452,0
274453,2
274454,1
274455,1
274456,2
274457,1
274458,2
274459,2
274460,0
274461,0
274462,2
274463,0
274464,0
274465,1
274466,2
274467,2
274468,0
274469,1
274470,1
274471,1
274472,0
274473,1
274474,2
274475,1
274476,1
274477,0
274478,1
274479,0
274480,0
274481,0
274482,0
274483,2
274484,1
274485,0
274486,0
274487,0
274488,0
274489,1
274490,1
274491,2
274492,2
274493,2
274494,2
274495,0
274496,1
274497,1
274498,0
274499,0
274500,1
274501,0
274502,0
274503,1
274504,2
274505,0
274506,0
274507,2
274508,1
274509,2
274510,0
274511,2
274512,1
274513,0
274514,0
274515,2
274516,0
274517,2
274518,2
274519,2
274520,1
274521,0
274522,2
274523,0
274524,0
274525,1
274526,0
274527,0
274528,2
274529,1
274530,0
274531,2
274532,2
274533,2
274534,2
274535,2
274536,0
274537,2
274538,1
274539,1
274540,1
274541,1
274542,2
274543,0
274544,1
274545,1
274546,2
274547,0
274548,0
274549,2
274550,1
274551,2
274552,2
274553,0
274554,0
274555,0
274556,0
274557,1
274558,0
274559,0
274560,2
274561,2
274562,0
274563,0
274564,0
274565,1
274566,0
274567,0
274568,2
274569,2
274570,2
274571,2
274572,1
274573,1
274574,2
274575,2
274576,2
274577,0
274578,1
274579,1
274580,1
274581,2
274582,2
274583,0
274584,2
274585,2
274586,1
274587,0
274588,1
274589,0
274590,0
274591,0
274592,0
274593,0
274594,1
274595,2
274596,0
274597,1
274598,0
274599,0
274600,1
274601,2
274602,0
274603,2
274604,0
274605,0
274606,0
274607,2
274608,0
274609,0
274610,0
274611,1
274612,0
274613,1
274614,2
274615,1
274616,0
274617,0
274618,0
274619,1
274620,0
274621,1
274622,2
274623,1
274624,2
274625,2
274626,1
274627,1
274628,1
274629,1
274630,2
274631,2
274632,0
274633,2
274634,0
274635,2
274636,1
274637,0
274638,1
274639,2
274640,0
274641,2
274642,0
274643,0
274644,2
274645,0
274646,0
274647,0
274648,1
274649,1
274650,1
274651,1
274652,2
274653,0
274654,2
274655,2
274656,1
274657,2
274658,2
274659,0
274660,2
274661,1
274662,0
274663,0
274664,2
274665,2
274666,1
274667,0
274668,2
274669,0
274670,0
274671,0
274672,1
274673,0
274674,1
274675,0
274676,2
274677,2
274678,2
274679,2
274680,0
274681,0
274682,1
274683,0
274684,1
274685,0
274686,1
274687,2
274688,1
274689,0
274690,0
274691,0
274692,0
274693,1
274694,0
274695,2
274696,2
274697,2
274698,1
274699,1
274700,1
274701,1
274702,0
274703,1
274704,0
274705,0
274706,0
274707,2
274708,0
274709,2
274710,0
274711,0
274712,0
274713,0
274714,0
274715,1
274716,2
274717,2
274718,1
274719,0
274720,0
274721,0
274722,2
274723,0
274724,1
274725,1
274726,0
274727,0
274728,2
274729,2
274730,2
274731,1
274732,2
274733,1
274734,1
274735,1
274736,0
274737,1
274738,0
274739,0
274740,0
274741,1
274742,0
274743,0
274744,0
274745,2
274746,0
274747,0
274748,1
274749,1
274750,1
274751,0
274752,2
274753,1
274754,2
274755,2
274756,0
274757,2
274758,2
274759,2
274760,0
274761,2
274762,1
274763,2
274764,0
274765,2
274766,1
274767,2
274768,0
274769,0
274770,2
274771,0
274772,2
274773,2
274774,0
274775,2
274776,2
274777,0
274778,1
274779,1
274780,2
274781,2
274782,0
274783,2
274784,2
274785,1
274786,0
274787,1
274788,0
274789,0
274790,0
274791,1
274792,1
274793,0
274794,0
274795,0
274796,1
274797,1
274798,2
274799,1
274800,0
274801,1
274802,2
274803,1
274804,0
274805,2
274806,1
274807,0
274808,2
274809,2
274810,0
274811,2
274812,2
274813,1
274814,1
274815,1
274816,2
274817,2
274818,2
274819,1
274820,1
274821,1
274822,1
274823,0
274824,2
274825,2
274826,1
274827,1
274828,0
274829,0
274830,1
274831,2
274832,0
274833,1
274834,0
274835,0
274836,0
274837,0
274838,1
274839,0
274840,2
274841,0
274842,2
274843,1
274844,1
274845,0
274846,1
274847,1
274848,2
274849,0
274850,0
274851,1
274852,0
274853,2
274854,0
274855,1
274856,1
274857,1
274858,1
274859,1
274860,1
274861,0
274862,0
274863,2
274864,2
274865,2
274866,1
274867,0
274868,1
274869,1
274870,0
274871,0
274872,0
274873,0
274874,0
274875,1
274876,1
274877,1
274878,0
274879,2
274880,1
274881,2
274882,2
274883,2
274884,0
274885,2
274886,0
274887,1
274888,2
274889,2
274890,2
274891,0
274892,1
274893,1
274894,2
274895,1
274896,1
274897,1
274898,0
274899,1
274900,0
274901,1
274902,0
274903,2
274904,1
274905,1
274906,2
274907,1
274908,1
274909,0
274910,1
274911,0
274912,1
274913,1
274914,2
274915,1
274916,2
274917,1
274918,1
274919,0
274920,0
274921,2
274922,2
274923,0
274924,1
274925,0
274926,0
274927,0
274928,2
274929,2
274930,0
274931,1
274932,2
274933,0
274934,1
274935,2
274936,2
274937,2
274938,1
274939,1
274940,1
274941,1
274942,2
274943,1
274944,0
274945,2
274946,0
274947,1
274948,0
274949,1
274950,2
274951,0
274952,2
274953,1
274954,0
274955,2
274956,0
274957,1
274958,1
274959,2
274960,1
274961,0
274962,0
274963,1
274964,1
274965,1
274966,0
274967,1
274968,0
274969,0
274970,2
274971,0
274972,1
274973,2
274974,1
274975,0
274976,1
274977,2
274978,1
274979,2
274980,1
274981,2
274982,0
274983,0
274984,1
274985,2
274986,0
274987,1
274988,0
274989,1
274990,2
274991,2
274992,0
274993,1
274994,2
274995,2
274996,1
274997,2
274998,0
274999,0
275000,2
275001,0
275002,1
275003,1
275004,2
275005,0
275006,1
275007,0
275008,2
275009,1
275010,2
275011,1
275012,2
275013,1
275014,2
275015,2
275016,1
275017,1
275018,1
275019,1
275020,2
275021,0
275022,0
275023,0
275024,1
275025,0
275026,0
275027,0
275028,2
275029,2
275030,0
275031,1
275032,1
275033,0
275034,2
275035,0
275036,1
275037,1
275038,0
275039,0
275040,0
275041,0
275042,1
275043,1
275044,0
275045,1
275046,2
275047,0
275048,0
275049,0
275050,0
275051,1
275052,1
275053,0
275054,1
275055,0
275056,1
275057,2
275058,1
275059,2
275060,0
275061,1
275062,0
275063,0
275064,2
275065,2
275066,0
275067,2
275068,2
275069,2
275070,0
275071,0
275072,2
275073,0
275074,1
275075,2
275076,2
275077,0
275078,2
275079,2
275080,0
275081,0
275082,0
275083,0
275084,0
275085,2
275086,2
275087,2
275088,1
275089,1
275090,2
275091,1
275092,0
275093,2
275094,1
275095,0
275096,2
275097,2
275098,0
275099,0
275100,0
275101,0
275102,2
275103,1
275104,1
275105,1
275106,2
275107,2
275108,0
275109,1
275110,1
275111,2
275112,1
275113,0
275114,1
275115,0
275116,0
275117,0
275118,0
275119,2
275120,0
275121,2
275122,1
275123,2
275124,1
275125,2
275126,0
275127,0
275128,1
275129,0
275130,2
275131,0
275132,0
275133,1
275134,2
275135,0
275136,1
275137,2
275138,0
275139,2
275140,1
275141,1
275142,2
275143,0
275144,2
275145,2
275146,1
275147,2
275148,0
275149,1
275150,2
275151,2
275152,1
275153,1
275154,0
275155,2
275156,0
275157,2
275158,1
275159,0
275160,2
275161,2
275162,0
275163,1
275164,0
275165,2
275166,1
275167,2
275168,1
275169,0
275170,1
275171,2
275172,1
275173,1
275174,1
275175,2
275176,1
275177,0
275178,2
275179,1
275180,0
275181,2
275182,2
275183,1
275184,2
275185,0
275186,1
275187,0
275188,0
275189,0
275190,1
275191,0
275192,0
275193,2
275194,1
275195,0
275196,0
275197,1
275198,2
275199,2
275200,0
275201,2
275202,0
275203,1
275204,1
275205,2
275206,0
275207,0
275208,2
275209,0
275210,0
275211,0
275212,0
275213,1
275214,1
275215,2
275216,0
275217,1
275218,1
275219,1
275220,2
275221,1
275222,2
275223,2
275224,2
275225,1
275226,1
275227,0
275228,0
275229,0
275230,0
275231,2
275232,0
275233,1
275234,1
275235,2
275236,1
275237,2
275238,0
275239,1
275240,2
275241,2
275242,0
275243,0
275244,1
275245,1
275246,2
275247,0
275248,0
275249,2
275250,1
275251,0
275252,0
275253,1
275254,2
275255,2
275256,2
275257,0
275258,2
275259,0
275260,2
275261,2
275262,0
275263,2
275264,1
275265,1
275266,1
275267,0
275268,0
275269,0
275270,2
275271,0
275272,2
275273,2
275274,2
275275,2
275276,0
275277,1
275278,0
275279,0
275280,0
275281,1
275282,0
275283,1
275284,1
275285,2
275286,1
275287,2
275288,2
275289,0
275290,0
275291,0
275292,0
275293,1
275294,2
275295,2
275296,2
275297,1
275298,2
275299,1
275300,2
275301,2
275302,1
275303,0
275304,0
275305,2
275306,2
275307,1
275308,0
275309,0
275310,1
275311,1
275312,1
275313,2
275314,0
275315,2
275316,2
275317,1
275318,2
275319,2
275320,1
275321,2
275322,0
275323,0
275324,2
275325,0
275326,2
275327,0
275328,2
275329,2
275330,2
275331,2
275332,0
275333,0
275334,1
275335,2
275336,2
275337,1
275338,1
275339,2
275340,2
275341,0
275342,0
275343,2
275344,1
275345,0
275346,2
275347,2
275348,1
275349,2
275350,0
275351,0
275352,0
275353,1
275354,2
275355,2
275356,2
275357,2
275358,0
275359,0
275360,2
275361,2
275362,0
275363,1
275364,1
275365,2
275366,1
275367,0
275368,1
275369,1
275370,0
275371,2
275372,1
275373,0
275374,1
275375,1
275376,1
275377,1
275378,0
275379,0
275380,1
275381,0
275382,2
275383,1
275384,1
275385,1
275386,2
275387,2
275388,2
275389,2
275390,2
275391,1
275392,1
275393,2
275394,1
275395,1
275396,2
275397,0
275398,2
275399,0
275400,0
275401,0
275402,0
275403,2
275404,1
275405,0
275406,0
275407,0
275408,2
275409,0
275410,0
275411,1
275412,1
275413,2
275414,0
275415,2
275416,2
275417,0
275418,1
275419,1
275420,0
275421,0
275422,0
275423,1
275424,1
275425,1
275426,2
275427,2
275428,1
275429,0
275430,2
275431,0
275432,0
275433,2
275434,0
275435,0
275436,2
275437,0
275438,2
275439,1
275440,0
275441,0
275442,0
275443,1
275444,1
275445,0
275446,2
275447,1
275448,1
275449,0
275450,0
275451,1
275452,0
275453,0
275454,2
275455,1
275456,0
275457,2
275458,1
275459,0
275460,2
275461,0
275462,2
275463,0
275464,2
275465,1
275466,1
275467,0
275468,1
275469,2
275470,0
275471,0
275472,0
275473,1
275474,2
275475,1
275476,1
275477,2
275478,2
275479,2
275480,0
275481,0
275482,2
275483,0
275484,1
275485,1
275486,0
275487,2
275488,2
275489,0
275490,1
275491,2
275492,1
275493,0
275494,2
275495,2
275496,1
275497,1
275498,0
275499,2
275500,2
275501,2
275502,0
275503,1
275504,2
275505,0
275506,0
275507,1
275508,1
275509,0
275510,0
275511,0
275512,2
275513,2
275514,0
275515,1
275516,2
275517,0
275518,0
275519,0
275520,2
275521,0
275522,0
275523,0
275524,2
275525,2
275526,2
275527,2
275528,2
275529,1
275530,2
275531,2
275532,1
275533,0
275534,0
275535,1
275536,0
275537,0
275538,1
275539,0
275540,1
275541,1
275542,2
275543,0
275544,2
275545,2
275546,0
275547,1
275548,2
275549,2
275550,1
275551,0
275552,1
275553,0
275554,1
275555,0
275556,1
275557,1
275558,0
275559,2
275560,0
275561,2
275562,1
275563,1
275564,2
275565,1
275566,0
275567,2
275568,2
275569,2
275570,0
275571,0
275572,0
275573,0
275574,1
275575,1
275576,0
275577,2
275578,1
275579,1
275580,2
275581,1
275582,2
275583,2
275584,2
275585,1
275586,0
275587,1
275588,0
275589,1
275590,2
275591,2
275592,2
275593,2
275594,1
275595,1
275596,0
275597,0
275598,0
275599,0
275600,0
275601,2
275602,0
275603,2
275604,2
275605,0
275606,1
275607,1
275608,2
275609,1
275610,0
275611,1
275612,0
275613,2
275614,2
275615,0
275616,2
275617,1
275618,0
275619,1
275620,0
275621,0
275622,2
275623,0
275624,1
275625,2
275626,0
275627,1
275628,0
275629,2
275630,1
275631,1
275632,1
275633,2
275634,0
275635,2
275636,1
275637,0
275638,2
275639,2
275640,2
275641,0
275642,2
275643,1
275644,2
275645,1
275646,2
275647,0
275648,2
275649,0
275650,0
275651,2
275652,0
275653,0
275654,2
275655,1
275656,1
275657,1
275658,0
275659,0
275660,1
275661,2
275662,1
275663,0
275664,2
275665,2
275666,0
275667,2
275668,0
275669,2
275670,0
275671,0
